episode,steps,X,Y,yaw,steer,throttle,action,reward,done,all_wheels_on_track,progress,closest_waypoint,track_len,tstamp,episode_status,pause_duration,obstacle_crash_counter
120,1.0,3.2309461899872773,0.6831238443123742,0.18906893019339374,14.0,2.6666666666666665,16,0.0,False,True,0.9668070688362786,1,17.709159380834848,208.31,prepare,0.0,0
120,2.0,3.4745843799275744,0.6832836582806474,0.23952450554035082,-7.000000000000002,2.6666666666666665,7,0.6202705077192698,False,True,2.3425831725824358,3,17.709159380834848,208.381,in_progress,0.0,0
120,3.0,3.3897270469917937,0.6832626772870432,0.05116531846571727,-21.0,1.3333333333333333,0,0.056998038548566436,False,True,1.8634111593714622,2,17.709159380834848,208.45,in_progress,0.0,0
120,4.0,3.5192811030746207,0.6852175050710702,0.4449205635343644,-7.000000000000002,1.3333333333333333,6,0.5033468643981619,False,True,2.5949806384732996,3,17.709159380834848,208.496,in_progress,0.0,0
120,5.0,3.6967500962909505,0.6656553747125046,-3.414841534774863,-14.0,1.3333333333333333,3,0.30416834235042967,False,True,3.597070159296418,4,17.709159380834848,208.581,in_progress,0.0,0
120,6.0,3.807135720953522,0.6339964594576244,-9.40814727859337,-7.000000000000002,1.3333333333333333,6,0.39094079876314314,False,True,4.220328344035066,5,17.709159380834848,208.645,in_progress,0.0,0
120,7.0,3.881420505439591,0.6059211065060768,-12.536324031111794,0.0,4.0,11,0.7143187110282144,False,True,4.639751386018558,5,17.709159380834848,208.695,in_progress,0.0,0
120,8.0,4.002366422428149,0.558665133560913,-15.292015860756493,21.0,4.0,20,0.1726488692258629,False,True,5.322615653221228,6,17.709159380834848,208.774,in_progress,0.0,0
120,9.0,4.158111434001046,0.5017482890413514,-17.678954139701062,-21.0,2.6666666666666665,1,0.001,False,True,6.20195770510713,7,17.709159380834848,208.844,in_progress,0.0,0
120,10.0,4.310074880228623,0.46103897725485365,-16.18274355085488,-7.000000000000002,1.3333333333333333,6,0.27572553936325256,False,True,7.059975450785825,8,17.709159380834848,208.901,in_progress,0.0,0
120,11.0,4.493842868795242,0.39824110774515425,-17.38729675250465,-21.0,4.0,2,0.10286899891610889,False,True,8.097554521384684,10,17.709159380834848,208.977,in_progress,0.0,0
120,12.0,4.641868261594635,0.3381875268585542,-20.399767999265336,0.0,1.3333333333333333,9,0.2186993686744273,False,False,8.933279680314268,11,17.709159380834848,209.043,in_progress,0.0,0
120,13.0,4.75938987997806,0.25520419711554126,-29.68994101529453,21.0,1.3333333333333333,18,0.001,False,False,9.596686513928205,11,17.709159380834848,209.101,in_progress,0.0,0
120,14.0,4.8742439646381275,0.16699038971281915,-38.44183923350712,-21.0,1.3333333333333333,0,0.001,False,False,10.24504016943053,12,17.709159380834848,209.177,in_progress,0.0,0
120,15.0,4.943237752517705,0.11174838006943352,-38.81053006548843,0.0,1.3333333333333333,9,0.14493401536105405,False,False,10.634512647216518,13,17.709159380834848,209.24,in_progress,0.0,0
120,16.0,5.003288377243678,0.05504792824929283,-39.85425784675277,21.0,2.6666666666666665,19,-1.0,True,False,10.973481713746994,13,17.709159380834848,209.301,off_track,0.0,0
121,1.0,4.16687034305817,0.6997486407835735,2.316247369504816,-21.0,1.3333333333333333,0,0.0,False,True,1.2518129580797523,7,17.709159380834848,209.47,prepare,0.0,0
121,2.0,4.2420182949381235,0.7144863985824128,4.8488275239657455,14.0,4.0,17,0.575953069199143,False,True,1.6761874790703846,8,17.709159380834848,209.501,in_progress,0.0,0
121,3.0,4.237069617465947,0.7093013598797008,5.723629408836751,-7.000000000000002,4.0,8,0.7303886613423889,False,True,1.6482329548911476,8,17.709159380834848,209.568,in_progress,0.0,0
121,4.0,4.415977026810152,0.7545503388612871,10.808464897763534,21.0,1.3333333333333333,18,0.001,False,True,2.6585775668066662,9,17.709159380834848,209.635,in_progress,0.0,0
121,5.0,4.737637553712441,0.8480152723138894,17.819405638920518,-21.0,2.6666666666666665,1,0.001,False,True,4.475143260474463,11,17.709159380834848,209.768,in_progress,0.0,0
121,6.0,4.865118556502404,0.9205985272943261,24.1813009036246,21.0,4.0,20,0.005782119599159051,False,True,5.195165598270099,12,17.709159380834848,209.837,in_progress,0.0,0
121,7.0,5.009713810499526,1.0065697510906682,27.497351171506928,21.0,1.3333333333333333,18,0.001,False,True,6.011787594871887,13,17.709159380834848,209.901,in_progress,0.0,0
121,8.0,5.160898865263841,1.1182631140408519,34.29649603019047,6.999999999999999,1.3333333333333333,12,0.0519039737231817,False,False,6.86559737231817,14,17.709159380834848,209.967,in_progress,0.0,0
121,9.0,5.2753832878682765,1.208534279360053,40.90928680940931,0.0,4.0,11,0.42501421388360183,False,False,7.512221388360183,15,17.709159380834848,210.033,in_progress,0.0,0
121,10.0,5.378912324814421,1.3080363668254078,45.20459728175339,21.0,2.6666666666666665,19,-1.0,True,False,8.097515460671138,15,17.709159380834848,210.099,off_track,0.0,0
122,1.0,5.046466052361307,0.7093444484974305,5.614226353614463,6.999999999999999,4.0,14,0.0,False,True,1.218728633722002,13,17.709159380834848,210.263,prepare,0.0,0
122,2.0,5.132745764891354,0.7459454931207011,14.295519579899095,0.0,4.0,11,0.6632344622830523,False,True,1.7060053075605777,14,17.709159380834848,210.299,in_progress,0.0,0
122,3.0,5.115648688815414,0.7215830900691828,8.343138774370654,-14.0,2.6666666666666665,4,0.3314338291866545,False,True,1.6094131529833675,14,17.709159380834848,210.361,in_progress,0.0,0
122,4.0,5.287850307584641,0.7682942842920306,12.32545031819062,14.0,2.6666666666666665,16,0.2794819901028659,False,True,2.58186938576348,15,17.709159380834848,210.428,in_progress,0.0,0
122,5.0,5.4784456056248745,0.8144439124701139,12.705517731608728,0.0,1.3333333333333333,9,0.38120161175461476,False,True,3.6590563907758944,16,17.709159380834848,210.495,in_progress,0.0,0
122,6.0,5.628343929057695,0.8535069350980513,13.008133610729026,21.0,1.3333333333333333,18,0.001,False,True,4.504114893243397,17,17.709159380834848,210.561,in_progress,0.0,0
122,7.0,5.750810606699792,0.8909170624729188,16.62577643522409,6.999999999999999,2.6666666666666665,13,0.3747513508184312,False,True,5.19559065760915,18,17.709159380834848,210.628,in_progress,0.0,0
122,8.0,5.8540862850864634,0.9471593731900907,21.52094553851988,14.0,2.6666666666666665,16,0.4960818383863692,False,True,5.772280333378024,19,17.709159380834848,210.693,in_progress,0.0,0
122,9.0,5.981177308930983,1.0332969770808145,27.881649500054127,-7.000000000000002,1.3333333333333333,6,0.3597125125482923,False,False,6.48027556515837,19,17.709159380834848,210.757,in_progress,0.0,0
122,10.0,6.111634341420804,1.1302127776421906,32.18798520554237,21.0,1.3333333333333333,18,0.37824226794766247,False,False,7.298070940099233,20,17.709159380834848,210.823,in_progress,0.0,0
122,11.0,6.213149690621411,1.201050331846487,34.43625027885461,-21.0,1.3333333333333333,0,0.41953205661105547,False,False,8.04681781676148,21,17.709159380834848,210.89,in_progress,0.0,0
122,12.0,6.283026103707894,1.2605272370186886,36.31231959369421,14.0,2.6666666666666665,16,0.28970491612623017,False,False,8.467768345855978,22,17.709159380834848,210.955,in_progress,0.0,0
122,13.0,6.369107997101626,1.3285645608601468,37.17586480531144,-7.000000000000002,1.3333333333333333,6,-1.0,True,False,9.879732975028299,24,17.709159380834848,211.021,off_track,0.0,0
123,1.0,5.892736094877184,0.6848387379547336,0.15461312477019323,-7.000000000000002,2.6666666666666665,7,0.0,False,True,0.9973704063571343,19,17.709159380834848,211.182,prepare,0.0,0
123,2.0,5.927635877369758,0.68492809547688,0.02884097975832345,0.0,2.6666666666666665,10,0.7774281490391084,False,True,1.1944066513428857,19,17.709159380834848,211.222,in_progress,0.0,0
123,3.0,5.9361504543667785,0.6820697456296522,-0.5124939992967633,14.0,1.3333333333333333,15,0.7837864937184487,False,True,1.242620080179957,19,17.709159380834848,211.289,in_progress,0.0,0
123,4.0,6.020651291423593,0.6829385480064653,-0.23657499793210507,0.0,2.6666666666666665,10,0.7863834063667903,False,True,1.719721274710856,20,17.709159380834848,211.35,in_progress,0.0,0
123,5.0,6.100237041753309,0.6899503671439945,1.2167467079437195,-7.000000000000002,2.6666666666666665,7,0.7571955523098349,False,True,2.170162918210636,20,17.709159380834848,211.401,in_progress,0.0,0
123,6.0,6.281354971170182,0.7048757343183052,2.859751846102832,-7.000000000000002,4.0,8,0.5552107403040774,False,True,3.1994057767728874,22,17.709159380834848,211.484,in_progress,0.0,0
123,7.0,6.46164667513515,0.7120419928587236,2.4800812852053533,-7.000000000000002,1.3333333333333333,6,0.8174803356342623,False,True,4.217858090208981,23,17.709159380834848,211.55,in_progress,0.0,0
123,8.0,6.6111382655308315,0.704494544510942,-1.2080096577569976,0.0,1.3333333333333333,9,0.6096471438473392,False,True,5.0037878104084,24,17.709159380834848,211.601,in_progress,0.0,0
123,9.0,6.837541699016571,0.6778968061166217,-9.013892155507477,21.0,4.0,20,0.22709742461296725,False,True,6.004874739337341,25,17.709159380834848,211.686,in_progress,0.0,0
123,10.0,6.976414892636271,0.657107644325169,-9.17217941038391,6.999999999999999,1.3333333333333333,12,0.491219111904433,False,True,6.492734957970233,25,17.709159380834848,211.748,in_progress,0.0,0
123,11.0,7.103240681321862,0.6503045519101898,-6.038990911404761,6.999999999999999,1.3333333333333333,12,0.446606898352287,False,True,6.990967241130569,26,17.709159380834848,211.801,in_progress,0.0,0
123,12.0,7.2541903114769655,0.6533593117890595,-3.0603054665725566,0.0,1.3333333333333333,9,0.4240605619200929,False,False,7.464145080898185,27,17.709159380834848,211.881,in_progress,0.0,0
123,13.0,7.346275103469072,0.6592127571432256,-1.2012701486389412,-21.0,1.3333333333333333,0,0.4277387231927592,False,False,7.835294541498144,27,17.709159380834848,211.947,in_progress,0.0,0
123,14.0,7.419163378346369,0.6606751531476378,-0.6535805661030506,21.0,4.0,20,0.1165916120816481,False,False,7.835294541498144,27,17.709159380834848,212.001,in_progress,0.0,0
123,15.0,7.5585975237185945,0.6613613180966141,-0.13204253147405318,0.0,2.6666666666666665,10,-1.0,True,False,8.037200566449135,27,17.709159380834848,212.078,off_track,0.0,0
124,1.0,6.736179334310739,0.8014788096789793,19.387758287785914,-21.0,2.6666666666666665,1,0.0,False,True,0.8439270517654779,25,17.709159380834848,212.205,prepare,0.0,0
124,2.0,6.903577603271613,0.8727381521556812,21.372712820788657,0.0,1.3333333333333333,9,0.6818396873451732,False,True,1.8436534920505259,26,17.709159380834848,212.276,in_progress,0.0,0
124,3.0,6.842061530122746,0.8466972578200469,22.207313511462388,21.0,1.3333333333333333,18,0.6909384875093315,False,True,1.4741020909855518,25,17.709159380834848,212.342,in_progress,0.0,0
124,4.0,6.920749197621444,0.8861033439321755,23.210967855010573,21.0,1.3333333333333333,18,0.708900288022255,False,True,1.9663126637636752,26,17.709159380834848,212.401,in_progress,0.0,0
124,5.0,7.007234338327892,0.9424630054012295,26.113549447957137,0.0,2.6666666666666665,10,0.4966008769889788,False,True,2.5103351993592122,27,17.709159380834848,212.475,in_progress,0.0,0
124,6.0,7.086446204285108,1.0048221115205944,29.075476228889023,14.0,4.0,17,0.22373449933630085,False,True,2.9983843975457973,27,17.709159380834848,212.538,in_progress,0.0,0
124,7.0,7.19246223586805,1.0955196859275464,33.753319288382635,21.0,1.3333333333333333,18,0.5248458144338086,False,True,3.6873552243488787,28,17.709159380834848,212.594,in_progress,0.0,0
124,8.0,7.303681296972368,1.2105485766158304,40.22327219804841,-7.000000000000002,2.6666666666666665,7,0.366841320371388,False,True,4.528594659862156,29,17.709159380834848,212.677,in_progress,0.0,0
124,9.0,7.370029020334587,1.307707180215687,47.07963531941459,21.0,2.6666666666666665,19,0.42852464801961143,False,True,5.115001744859093,30,17.709159380834848,212.738,in_progress,0.0,0
124,10.0,7.446928490742013,1.4286434869813043,52.6456144165585,21.0,1.3333333333333333,18,0.5612632574993076,False,True,5.779448325604253,30,17.709159380834848,212.801,in_progress,0.0,0
124,11.0,7.507158022757369,1.5665849429947838,60.593050730437305,6.999999999999999,2.6666666666666665,13,0.3502468790103395,False,True,6.361128491823837,31,17.709159380834848,212.871,in_progress,0.0,0
124,12.0,7.539194827696391,1.6971699207922053,68.93426723462657,14.0,2.6666666666666665,16,0.3637747070256358,False,True,7.103484010259248,32,17.709159380834848,212.936,in_progress,0.0,0
124,13.0,7.549988405307694,1.8575100271066276,78.36313077025332,14.0,1.3333333333333333,15,0.5685234628868086,False,True,7.72038002051611,33,17.709159380834848,213.001,in_progress,0.0,0
124,14.0,7.537856600353034,2.015223403487045,87.75346160385334,14.0,4.0,17,0.328581498544296,False,True,8.459448981288237,34,17.709159380834848,213.066,in_progress,0.0,0
124,15.0,7.501673489913943,2.1575816099327265,97.06264239339849,-21.0,1.3333333333333333,0,0.6781370411355581,False,True,9.087126801790696,34,17.709159380834848,213.13,in_progress,0.0,0
124,16.0,7.4425770939032905,2.3218344780263704,105.88125360655445,0.0,4.0,11,0.3697146932774334,False,True,9.807605209105736,35,17.709159380834848,213.201,in_progress,0.0,0
124,17.0,7.388916875813958,2.462308515706047,111.76323689066643,6.999999999999999,4.0,14,0.3157170820006656,False,False,10.503524872282027,36,17.709159380834848,213.267,in_progress,0.0,0
124,18.0,7.315092747067876,2.618806257128074,114.0002232255324,6.999999999999999,2.6666666666666665,13,0.48577885491803224,False,False,11.306582052437797,37,17.709159380834848,213.332,in_progress,0.0,0
124,19.0,7.231874564932504,2.77861831235057,115.94942480050263,14.0,2.6666666666666665,16,0.3988533756988267,False,False,12.00863059545626,38,17.709159380834848,213.396,in_progress,0.0,0
124,20.0,7.136176020244789,2.940118305265986,118.56327301920103,-7.000000000000002,2.6666666666666665,7,0.3454068700717325,False,False,12.695740861450656,39,17.709159380834848,213.465,in_progress,0.0,0
124,21.0,7.038471963139904,3.083903748879257,121.85149188703011,14.0,2.6666666666666665,16,0.35873943588899165,False,False,13.174713914786484,39,17.709159380834848,213.529,in_progress,0.0,0
124,22.0,6.929033797801365,3.2328585382391704,123.60105641578276,-7.000000000000002,4.0,8,-1.0,True,False,13.893893204394592,40,17.709159380834848,213.596,off_track,0.0,0
125,1.0,7.29464273335425,1.576381304290905,68.49663653248629,0.0,4.0,11,0.0,False,True,1.3260616519459756,31,17.709159380834848,213.757,prepare,0.0,0
125,2.0,7.33759003080121,1.687546408477731,68.80640638934793,6.999999999999999,4.0,14,0.3185929880960504,False,True,1.9702456507705912,32,17.709159380834848,213.793,in_progress,0.0,0
125,3.0,7.329738179920396,1.6488064042279569,66.65299272069134,6.999999999999999,1.3333333333333333,12,0.5978826061943787,False,True,1.7487743109362297,32,17.709159380834848,213.861,in_progress,0.0,0
125,4.0,7.394800489144807,1.8068092293166085,66.76148002926348,6.999999999999999,1.3333333333333333,12,0.49316715880523826,False,True,2.5413253233119493,33,17.709159380834848,213.926,in_progress,0.0,0
125,5.0,7.431855797863961,1.9469654814551607,68.7842956719323,21.0,2.6666666666666665,19,0.34253236976279794,False,True,3.209146925940154,33,17.709159380834848,213.994,in_progress,0.0,0
125,6.0,7.4554971851195555,2.0730101123478324,73.79599934159626,21.0,2.6666666666666665,19,0.32709258561822496,False,True,3.7971392823539505,34,17.709159380834848,214.058,in_progress,0.0,0
125,7.0,7.454323582702816,2.2351345340308217,83.12017447096483,-7.000000000000002,2.6666666666666665,7,0.3075584232516843,False,True,4.588365715829173,35,17.709159380834848,214.126,in_progress,0.0,0
125,8.0,7.428297917693441,2.399481079291055,91.54107542255005,14.0,1.3333333333333333,15,0.43833023352453016,False,True,5.2327438540438305,36,17.709159380834848,214.19,in_progress,0.0,0
125,9.0,7.398949123876813,2.5550932420465244,98.24279080542131,-7.000000000000002,2.6666666666666665,7,0.251282916110509,False,False,5.733536055495342,36,17.709159380834848,214.257,in_progress,0.0,0
125,10.0,7.351443095023691,2.695158060863365,104.15406109651889,14.0,1.3333333333333333,15,0.4129652445002344,False,False,6.348746672245664,37,17.709159380834848,214.324,in_progress,0.0,0
125,11.0,7.297212400739801,2.8376883305320493,108.36809660986403,0.0,4.0,11,0.10818647823481256,False,False,6.98478115681459,38,17.709159380834848,214.387,in_progress,0.0,0
125,12.0,7.252206679490586,2.966327466673577,107.96850638204346,21.0,2.6666666666666665,19,-1.0,True,False,7.267882768160227,38,17.709159380834848,214.451,off_track,0.0,0
126,1.0,7.032862259876658,2.3918857031367327,122.64965583357623,-7.000000000000002,1.3333333333333333,6,0.0,False,True,1.2518551749171436,37,17.709159380834848,214.617,prepare,0.0,0
126,2.0,6.966397876732576,2.4596973877320396,128.35296449410316,6.999999999999999,2.6666666666666665,13,0.6207823645714554,False,True,1.789704652357299,38,17.709159380834848,214.652,in_progress,0.0,0
126,3.0,7.018216459216988,2.4213411130589333,124.58437418804002,6.999999999999999,1.3333333333333333,12,0.7199279397692342,False,True,1.4297750027259304,37,17.709159380834848,214.701,in_progress,0.0,0
126,4.0,6.908039600250733,2.5532759202716604,128.59329758468664,14.0,1.3333333333333333,15,0.6744476623105136,False,True,2.3789612505291546,38,17.709159380834848,214.778,in_progress,0.0,0
126,5.0,6.8135386198563035,2.626239947183099,135.5217169792093,14.0,4.0,17,0.3856224648717331,False,True,3.0485796725088887,39,17.709159380834848,214.85,in_progress,0.0,0
126,6.0,6.747099222626363,2.671160884856538,139.40759415752484,-21.0,4.0,2,0.44391904932289,False,True,3.4818285334431485,40,17.709159380834848,214.901,in_progress,0.0,0
126,7.0,6.584061270946533,2.7589220495414803,147.54697750890915,-7.000000000000002,2.6666666666666665,7,0.6372102733665025,False,True,4.493658044540694,41,17.709159380834848,214.984,in_progress,0.0,0
126,8.0,6.4488461290469195,2.841494418548937,149.30197840356703,14.0,1.3333333333333333,15,0.5091099035093432,False,True,5.2976941361738525,42,17.709159380834848,215.043,in_progress,0.0,0
126,9.0,6.336090109881737,2.923454062801776,145.9958394585758,21.0,1.3333333333333333,18,0.001,False,True,5.896424891209079,42,17.709159380834848,215.095,in_progress,0.0,0
126,10.0,6.215344744061691,2.99775774928881,144.90516833438986,-7.000000000000002,1.3333333333333333,6,0.14523291979820635,False,True,6.545747935492047,43,17.709159380834848,215.182,in_progress,0.0,0
126,11.0,6.1386501219995955,3.0374009495883216,146.74323563711127,0.0,4.0,11,0.49693157329754917,False,True,6.983664607758411,44,17.709159380834848,215.245,in_progress,0.0,0
126,12.0,6.060993649735709,3.084904593147317,147.84223093954645,21.0,4.0,20,0.001,False,True,7.374493285248568,44,17.709159380834848,215.301,in_progress,0.0,0
126,13.0,5.903346226135834,3.1725416049895916,151.36667541487748,21.0,2.6666666666666665,19,0.001,False,False,8.259522762457161,45,17.709159380834848,215.378,in_progress,0.0,0
126,14.0,5.710625525175022,3.2294281622470544,159.99344045524668,-7.000000000000002,1.3333333333333333,6,0.14006107746199734,False,False,9.347045705653345,46,17.709159380834848,215.452,in_progress,0.0,0
126,15.0,5.586134156557697,3.23782818920128,168.20857142172923,6.999999999999999,1.3333333333333333,12,0.26558009432038965,False,False,10.060861022860463,47,17.709159380834848,215.501,in_progress,0.0,0
126,16.0,5.4318806362224406,3.23201517042788,176.4876243455299,21.0,1.3333333333333333,18,0.6512824536873062,False,False,10.931415595414329,48,17.709159380834848,215.577,in_progress,0.0,0
126,17.0,5.342623484306053,3.2173542261421395,-179.44930182529737,21.0,1.3333333333333333,18,0.7040767803162158,False,False,11.435755273483345,49,17.709159380834848,215.64,in_progress,0.0,0
126,18.0,5.2651780534311134,3.1948378515897478,-175.21232217867086,6.999999999999999,4.0,14,0.5043578048415055,False,False,11.833290069486885,49,17.709159380834848,215.701,in_progress,0.0,0
126,19.0,5.144169588883612,3.150923647872656,-170.21154143180618,6.999999999999999,2.6666666666666665,13,0.5324533553427446,False,False,12.577582840560192,50,17.709159380834848,215.777,in_progress,0.0,0
126,20.0,5.0140364067220045,3.095397008303292,-164.58753703386174,-7.000000000000002,2.6666666666666665,7,0.40578676333887004,False,False,13.530353153415536,51,17.709159380834848,215.841,in_progress,0.0,0
126,21.0,4.881999039637988,3.023951532948791,-158.16177243794536,0.0,2.6666666666666665,10,0.4369542234487205,False,False,14.379782338202634,52,17.709159380834848,215.9,in_progress,0.0,0
126,22.0,4.703078921284262,2.928597043256925,-154.9538295111722,-7.000000000000002,1.3333333333333333,6,0.6118613761646612,False,True,15.308008289784697,53,17.709159380834848,215.975,in_progress,0.0,0
126,23.0,4.558693462072139,2.853423209601346,-152.85091317150338,6.999999999999999,1.3333333333333333,12,0.5744366410403374,False,True,15.858384154236283,54,17.709159380834848,216.038,in_progress,0.0,0
126,24.0,4.449369149813691,2.799430089340157,-151.5175271737592,-21.0,1.3333333333333333,0,0.557505619441846,False,True,16.214508497512764,55,17.709159380834848,216.096,in_progress,0.0,0
126,25.0,4.361497830436324,2.756369045231936,-151.7934895888841,21.0,4.0,20,0.3797468025380869,False,True,16.501773636620797,55,17.709159380834848,216.168,in_progress,0.0,0
126,26.0,4.21591676041885,2.6974781734046958,-156.7293207396333,-7.000000000000002,2.6666666666666665,7,0.2774016088863965,False,True,16.677461551004463,55,17.709159380834848,216.25,in_progress,0.0,0
126,27.0,4.109082381058093,2.6420360766292146,-156.64494034828118,6.999999999999999,2.6666666666666665,13,0.2681866546442977,False,False,16.915865464429775,55,17.709159380834848,216.301,in_progress,0.0,0
126,28.0,3.936707536564273,2.5532780709372744,-154.29597928519883,21.0,2.6666666666666665,19,-1.0,True,False,17.303158642145668,56,17.709159380834848,216.373,off_track,0.0,0
127,1.0,6.311484215584657,2.765374651005544,170.03703907579245,21.0,4.0,20,0.0,False,True,0.9737719198116668,42,17.709159380834848,216.513,prepare,0.0,0
127,2.0,6.175944292161674,2.7574877444141044,176.98506523593042,14.0,1.3333333333333333,15,0.30935452729768187,False,True,1.7382186923103948,43,17.709159380834848,216.564,in_progress,0.0,0
127,3.0,6.199211528870935,2.7597006906861887,175.48741020420223,14.0,2.6666666666666665,16,0.4038063207501245,False,True,1.607141357150993,43,17.709159380834848,216.637,in_progress,0.0,0
127,4.0,6.085307495869435,2.741106743244683,-178.6140425320668,-7.000000000000002,1.3333333333333333,6,0.467605933079204,False,True,2.24785864453953,44,17.709159380834848,216.7,in_progress,0.0,0
127,5.0,5.953356833946322,2.704481868940739,-171.09450703431895,21.0,2.6666666666666665,19,0.06278259073226383,False,True,3.0001900649682725,45,17.709159380834848,216.769,in_progress,0.0,0
127,6.0,5.841834822154343,2.6665629760980605,-166.90533803678952,6.999999999999999,2.6666666666666665,13,0.4486518996260975,False,True,3.631961405193729,46,17.709159380834848,216.832,in_progress,0.0,0
127,7.0,5.704429877925187,2.601188782631424,-160.54964191276275,21.0,4.0,20,0.09860773348446875,False,True,4.410288182453515,47,17.709159380834848,216.899,in_progress,0.0,0
127,8.0,5.537968893424192,2.4957861318447137,-152.088309072214,0.0,4.0,11,0.476116604013594,False,True,5.348414840414023,48,17.709159380834848,216.97,in_progress,0.0,0
127,9.0,5.403552721869399,2.382091749737227,-144.54220689495057,-14.0,2.6666666666666665,4,0.3607910045164114,False,False,6.110317286678218,49,17.709159380834848,217.027,in_progress,0.0,0
127,10.0,5.2514168927795115,2.227316525993454,-136.68169216902353,-7.000000000000002,1.3333333333333333,6,0.37207088496290414,False,False,7.023775769974311,50,17.709159380834848,217.095,in_progress,0.0,0
127,11.0,5.128942226082925,2.094728142988143,-129.36306765255688,0.0,4.0,11,-1.0,True,False,7.633385269872606,50,17.709159380834848,217.159,off_track,0.0,0
128,1.0,5.4062586494073175,2.7705317704644536,179.25055570027618,-7.000000000000002,1.3333333333333333,6,0.0,False,True,1.086380991876451,48,17.709159380834848,217.315,prepare,0.0,0
128,2.0,5.275064155061966,2.7720448753991658,177.98484604219652,-14.0,1.3333333333333333,3,0.7754315338148778,False,True,1.8267673276230745,49,17.709159380834848,217.359,in_progress,0.0,0
128,3.0,5.307876877117202,2.7576691671805214,-177.66752697759227,6.999999999999999,1.3333333333333333,12,0.8021837563068388,False,True,1.6431960445466465,49,17.709159380834848,217.422,in_progress,0.0,0
128,4.0,5.173267332643612,2.755169297406841,-176.40133813138993,6.999999999999999,2.6666666666666665,13,0.6677059973226411,False,True,2.401966701311109,50,17.709159380834848,217.493,in_progress,0.0,0
128,5.0,5.056568469285251,2.7453452648974435,-176.19085627850328,-7.000000000000002,4.0,8,0.5154435807525871,False,True,3.060652134090219,51,17.709159380834848,217.558,in_progress,0.0,0
128,6.0,4.899811098184863,2.7265423680214513,-174.71934237024183,0.0,1.3333333333333333,9,0.7118281011435177,False,True,3.913137464527888,52,17.709159380834848,217.625,in_progress,0.0,0
128,7.0,4.7449269781808985,2.7195521886920195,-175.787715719624,0.0,4.0,11,0.3269497831939197,False,True,4.715779767768469,53,17.709159380834848,217.689,in_progress,0.0,0
128,8.0,4.589492391271937,2.714653169854027,-177.33536872816728,6.999999999999999,1.3333333333333333,12,0.4967334058239128,False,True,5.436317267858653,54,17.709159380834848,217.759,in_progress,0.0,0
128,9.0,4.442664173092642,2.7102222223133046,-177.91791649464017,-21.0,2.6666666666666665,1,0.43300882850547806,False,True,5.975244232551985,54,17.709159380834848,217.819,in_progress,0.0,0
128,10.0,4.275917858745908,2.7103474039670563,-179.037950306787,6.999999999999999,2.6666666666666665,13,0.21198228513923406,False,True,6.596410360014349,55,17.709159380834848,217.887,in_progress,0.0,0
128,11.0,4.102421567335185,2.725948275125613,176.988851040798,-21.0,1.3333333333333333,0,0.001,False,False,7.261094975407817,56,17.709159380834848,217.952,in_progress,0.0,0
128,12.0,3.981759698049923,2.7423737267097246,173.78547766090384,14.0,1.3333333333333333,15,0.001,False,False,7.597519192299352,56,17.709159380834848,218.001,in_progress,0.0,0
128,13.0,3.8171592849952543,2.776325371812751,169.6232527439247,21.0,2.6666666666666665,19,-1.0,True,False,8.300714181781348,57,17.709159380834848,218.086,off_track,0.0,0
129,1.0,4.568870051142047,2.8840771958342306,158.71296896484415,-7.000000000000002,2.6666666666666665,7,0.0,False,True,0.9031371363127483,54,17.709159380834848,218.21,prepare,0.0,0
129,2.0,4.4009236414063,2.9017996611367365,168.72912989946664,21.0,1.3333333333333333,18,0.001,False,True,1.6741690817121846,55,17.709159380834848,218.283,in_progress,0.0,0
129,3.0,4.472902313348782,2.9035585352897453,163.1792852644545,-21.0,1.3333333333333333,0,0.5598978721361138,False,True,1.4190461823174072,55,17.709159380834848,218.355,in_progress,0.0,0
129,4.0,4.410355726362075,2.9089298382938327,164.94417412129135,-7.000000000000002,1.3333333333333333,6,0.14363134489287055,False,True,1.6615736386654478,55,17.709159380834848,218.399,in_progress,0.0,0
129,5.0,4.3019783639144835,2.9321175885522597,165.72719339811093,-21.0,1.3333333333333333,0,0.001,False,True,2.2037696982749377,56,17.709159380834848,218.481,in_progress,0.0,0
129,6.0,4.2161072470529675,2.9605031289958315,164.56503832635252,14.0,1.3333333333333333,15,0.001,False,True,2.5904626119585386,56,17.709159380834848,218.546,in_progress,0.0,0
129,7.0,4.146934806056679,2.9876177741233323,163.33727907531994,-7.000000000000002,1.3333333333333333,6,0.11982107264589514,False,True,2.969369982029013,57,17.709159380834848,218.596,in_progress,0.0,0
129,8.0,4.045167757813001,3.0246651151981165,162.15493841406902,-7.000000000000002,4.0,8,0.4113501774043043,False,True,3.4240934188440098,57,17.709159380834848,218.679,in_progress,0.0,0
129,9.0,3.9399896917918977,3.06649828307664,162.56785576213005,21.0,1.3333333333333333,18,0.001,False,True,3.984346223343022,58,17.709159380834848,218.745,in_progress,0.0,0
129,10.0,3.832852962461467,3.103376048677935,165.89537439426883,6.999999999999999,4.0,14,0.3481810298499324,False,False,4.500312800607076,58,17.709159380834848,218.795,in_progress,0.0,0
129,11.0,3.670115472029745,3.1264835848603942,171.9043032030054,21.0,4.0,20,0.001,False,False,5.202018750344406,59,17.709159380834848,218.877,in_progress,0.0,0
129,12.0,3.4912465305770577,3.1228752307296586,177.43459566879193,6.999999999999999,1.3333333333333333,12,-1.0,True,False,5.825261131935211,60,17.709159380834848,218.945,off_track,0.0,0
130,1.0,3.9372151616720528,3.5474775482304945,134.48212182553274,-7.000000000000002,1.3333333333333333,6,0.0,False,True,1.0887379595523106,60,17.709159380834848,219.104,prepare,0.0,0
130,2.0,3.900047855989351,3.57746926536878,140.75369316814434,21.0,1.3333333333333333,18,0.001,False,True,1.352615401593249,61,17.709159380834848,219.14,in_progress,0.0,0
130,3.0,3.929367589294841,3.5556654178824556,137.1238024242585,14.0,1.3333333333333333,15,0.2169692526850857,False,True,1.1525740298460874,60,17.709159380834848,219.195,in_progress,0.0,0
130,4.0,3.8453522063472394,3.6005154903971506,142.28286562356826,14.0,4.0,17,0.45868382675511055,False,True,1.6486339700986785,61,17.709159380834848,219.273,in_progress,0.0,0
130,5.0,3.74526561460902,3.652650508565278,147.12797778048977,21.0,4.0,20,0.1122463913444145,False,True,2.233707930885731,62,17.709159380834848,219.338,in_progress,0.0,0
130,6.0,3.6145085311888527,3.7079358428214095,152.52956718744701,21.0,4.0,20,0.026884907865756417,False,True,2.942326932424877,62,17.709159380834848,219.401,in_progress,0.0,0
130,7.0,3.231077640371968,3.746253714694366,175.46774398016782,21.0,4.0,20,0.12721567457458718,False,False,4.471473029735639,64,17.709159380834848,219.536,in_progress,0.0,0
130,8.0,3.0268266973644415,3.7203327160215416,-176.97333558731702,6.999999999999999,1.3333333333333333,12,0.4003152684123273,False,False,5.078949063454951,65,17.709159380834848,219.598,in_progress,0.0,0
130,9.0,2.823175169935434,3.6700254060744473,-168.09323856608498,14.0,1.3333333333333333,15,-1.0,True,False,5.580819783784441,66,17.709159380834848,219.67,off_track,0.0,0
131,1.0,3.409752269661294,4.204641221504443,129.76794724467192,6.999999999999999,1.3333333333333333,12,0.0,False,True,0.8468809592046656,66,17.709159380834848,219.808,prepare,0.0,0
131,2.0,3.3430957784154858,4.246228227772979,136.55168096386296,0.0,4.0,11,0.5473451744870583,False,True,1.2852286487255893,66,17.709159380834848,219.869,in_progress,0.0,0
131,3.0,3.350667859280811,4.248207401728269,134.15839719955474,21.0,1.3333333333333333,18,0.824944473182979,False,True,1.2617056092483536,66,17.709159380834848,219.933,in_progress,0.0,0
131,4.0,3.25553230966432,4.317339408774265,139.20920330739386,-14.0,4.0,5,0.44779682773608176,False,True,1.9488853925109129,67,17.709159380834848,219.997,in_progress,0.0,0
131,5.0,3.149362691941815,4.38368518582064,143.41085951995677,-21.0,1.3333333333333333,0,0.7016790870960788,False,True,2.6689671079240695,68,17.709159380834848,220.067,in_progress,0.0,0
131,6.0,3.0234118932613163,4.4532413749018005,148.5755964817896,21.0,4.0,20,0.4001635046993753,False,True,3.4985239160087556,69,17.709159380834848,220.133,in_progress,0.0,0
131,7.0,2.908352751831488,4.53327284883385,147.63571018012018,21.0,1.3333333333333333,18,0.48398142550216816,False,True,4.223621301074331,70,17.709159380834848,220.2,in_progress,0.0,0
131,8.0,2.802051394469463,4.596782533478471,146.6232523692017,21.0,1.3333333333333333,18,0.001,False,True,4.752193134403271,71,17.709159380834848,220.261,in_progress,0.0,0
131,9.0,2.704129178087859,4.636621389969906,149.18028866002902,-21.0,1.3333333333333333,0,0.001,False,True,5.3452948153444035,72,17.709159380834848,220.327,in_progress,0.0,0
131,10.0,2.6143007729057284,4.66846139947674,152.4385550248687,-7.000000000000002,1.3333333333333333,6,0.16148097447311321,False,True,5.841783650501342,72,17.709159380834848,220.396,in_progress,0.0,0
131,11.0,2.537084234737576,4.7081732836345624,152.38962764045493,14.0,1.3333333333333333,15,0.001,False,True,6.278253795738142,72,17.709159380834848,220.459,in_progress,0.0,0
131,12.0,2.455444956865546,4.75208111196162,152.00225814712644,0.0,2.6666666666666665,10,0.3060360964795268,False,True,6.739745217696813,73,17.709159380834848,220.526,in_progress,0.0,0
131,13.0,2.355440869700982,4.796265677567314,154.22683625894268,6.999999999999999,1.3333333333333333,12,0.11204283319051014,False,True,7.239498294762525,73,17.709159380834848,220.594,in_progress,0.0,0
131,14.0,2.2366408373354507,4.8438421127658495,155.84409532544373,0.0,4.0,11,0.4504133091806996,False,False,7.906603755956565,74,17.709159380834848,220.657,in_progress,0.0,0
131,15.0,2.0918246476565012,4.892485375245387,158.95224577238884,21.0,1.3333333333333333,18,0.001,False,False,8.729247793265815,75,17.709159380834848,220.73,in_progress,0.0,0
131,16.0,1.9494017369812224,4.939694381059758,160.04777000849984,-21.0,1.3333333333333333,0,0.3944329337034934,False,False,9.525400395316963,76,17.709159380834848,220.792,in_progress,0.0,0
131,17.0,1.8311383579431764,4.967566730841762,162.23626353003266,-7.000000000000002,1.3333333333333333,6,0.4316604906870331,False,False,10.188665163524945,77,17.709159380834848,220.855,in_progress,0.0,0
131,18.0,1.7379482796977683,5.001925886186676,161.87560464982414,6.999999999999999,1.3333333333333333,12,0.479349662510522,False,False,10.692987849547219,78,17.709159380834848,220.924,in_progress,0.0,0
131,19.0,1.6494496224443986,5.035137167930266,161.24110527529754,21.0,1.3333333333333333,18,-1.0,True,False,11.159955627880791,78,17.709159380834848,220.993,off_track,0.0,0
132,1.0,2.5872906321309226,4.49057843688749,-179.8022431633821,21.0,1.3333333333333333,18,0.0,False,True,0.9923107384983587,72,17.709159380834848,221.154,prepare,0.0,0
132,2.0,2.553045905182096,4.48057867144034,-177.21996652749746,-21.0,1.3333333333333333,0,0.009919576241380037,False,True,1.185571267811214,72,17.709159380834848,221.185,in_progress,0.0,0
132,3.0,2.553325180779893,4.482504801317492,-177.23499126304438,-14.0,1.3333333333333333,3,0.28795032767426976,False,True,1.1840158429008318,72,17.709159380834848,221.251,in_progress,0.0,0
132,4.0,2.4874776498441524,4.478928478975838,-176.93751504799368,6.999999999999999,2.6666666666666665,13,0.5706959106335835,False,True,1.5558025703812595,73,17.709159380834848,221.292,in_progress,0.0,0
132,5.0,2.3427921960462097,4.483445700673156,-179.5598140799118,6.999999999999999,1.3333333333333333,12,0.48362832258968824,False,True,2.375727437876296,74,17.709159380834848,221.384,in_progress,0.0,0
132,6.0,2.2131402464979044,4.481732480472912,-179.7427689767342,-21.0,2.6666666666666665,1,0.1633026385564263,False,True,3.1075481780103664,75,17.709159380834848,221.449,in_progress,0.0,0
132,7.0,2.115039135412557,4.478615798473671,-179.27489647286393,14.0,4.0,17,0.6526827804981356,False,True,3.6614770241713224,75,17.709159380834848,221.496,in_progress,0.0,0
132,8.0,1.909505363404791,4.48319053946947,179.29972433226266,0.0,2.6666666666666665,10,0.8101205474746007,False,True,4.8209576086467365,77,17.709159380834848,221.583,in_progress,0.0,0
132,9.0,1.7296114645960965,4.468735692740287,-177.6254400831573,21.0,1.3333333333333333,18,0.8542454275786648,False,True,5.838872692729069,78,17.709159380834848,221.647,in_progress,0.0,0
132,10.0,1.5908736063125417,4.457644555422935,-176.74032024019036,-7.000000000000002,4.0,8,0.5918004770940175,False,True,6.624565225953027,79,17.709159380834848,221.701,in_progress,0.0,0
132,11.0,1.3920961010865682,4.422986954101393,-171.69620697376735,21.0,1.3333333333333333,18,0.8265637069319336,False,True,7.799866657952592,80,17.709159380834848,221.781,in_progress,0.0,0
132,12.0,1.2368225959006913,4.379118437630162,-165.7851651303909,-21.0,1.3333333333333333,0,0.7265254072742944,False,True,8.756800825973766,81,17.709159380834848,221.845,in_progress,0.0,0
132,13.0,1.1329493768604015,4.3396402868706465,-160.0638909078316,14.0,4.0,17,0.5024673988261321,False,True,9.377609398482301,82,17.709159380834848,221.901,in_progress,0.0,0
132,14.0,0.9771335722982091,4.281485839516059,-160.98944220125497,21.0,1.3333333333333333,18,0.6683639272634109,False,True,10.282953729330636,83,17.709159380834848,221.985,in_progress,0.0,0
132,15.0,0.8476177695925323,4.224895920237485,-159.86616920896356,-7.000000000000002,1.3333333333333333,6,0.600226444812015,False,True,10.982557348054534,84,17.709159380834848,222.045,in_progress,0.0,0
132,16.0,0.7536387576154939,4.182542696440807,-158.376762090585,6.999999999999999,2.6666666666666665,13,0.4371142756908804,False,True,11.401228592306367,84,17.709159380834848,222.101,in_progress,0.0,0
132,17.0,0.6130649602946546,4.103066335171048,-154.46349729470992,0.0,2.6666666666666665,10,0.41716875550797905,False,True,12.0645496500008,85,17.709159380834848,222.184,in_progress,0.0,0
132,18.0,0.49203053511173345,4.019153895316692,-149.8050933280876,0.0,2.6666666666666665,10,0.3823592683270482,False,True,12.700177780999255,86,17.709159380834848,222.243,in_progress,0.0,0
132,19.0,0.37008638786401693,3.9293160552576714,-146.63776491102197,0.0,2.6666666666666665,10,0.3721556190479033,False,False,13.027628264850932,86,17.709159380834848,222.301,in_progress,0.0,0
132,20.0,0.20819574535590907,3.8076182040984268,-145.24927762469156,-21.0,4.0,2,0.273604767497668,False,False,13.750280088722299,87,17.709159380834848,222.374,in_progress,0.0,0
132,21.0,0.050451539912934745,3.7019957001686015,-146.635067963162,21.0,1.3333333333333333,18,-1.0,True,False,14.043880021900524,87,17.709159380834848,222.439,off_track,0.0,0
133,1.0,1.6815567096775845,4.472178669575694,177.8567307519989,-21.0,1.3333333333333333,0,0.0,False,True,1.1095540456036002,78,17.709159380834848,222.605,prepare,0.0,0
133,2.0,1.6298955355560931,4.468962426298977,175.9477720466832,14.0,1.3333333333333333,15,0.7738794176857261,False,True,1.401774252597765,78,17.709159380834848,222.639,in_progress,0.0,0
133,3.0,1.6641090362063313,4.472065970969103,-179.73556094238236,-14.0,2.6666666666666665,4,0.6768219174675068,False,True,1.208020294116674,78,17.709159380834848,222.701,in_progress,0.0,0
133,4.0,1.5520902747765342,4.446673307547936,-174.730716066436,-7.000000000000002,1.3333333333333333,6,0.8267585244193423,False,True,1.845929523712475,79,17.709159380834848,222.771,in_progress,0.0,0
133,5.0,1.415916986425532,4.4289066263993035,-173.36661005711073,21.0,4.0,20,0.5272621343116864,False,True,2.6237521146782905,80,17.709159380834848,222.841,in_progress,0.0,0
133,6.0,1.3062358292904945,4.420896544373701,-174.70626049276592,21.0,1.3333333333333333,18,0.7403167507316752,False,True,3.2703926755581536,81,17.709159380834848,222.901,in_progress,0.0,0
133,7.0,1.1474831549547817,4.386609387249236,-170.15596432597886,14.0,1.3333333333333333,15,0.6202977353273906,False,True,4.176659078354394,82,17.709159380834848,222.974,in_progress,0.0,0
133,8.0,1.0587263529528586,4.347990903985626,-164.2890229207336,6.999999999999999,2.6666666666666665,13,0.4108451695582782,False,True,4.6885549356265654,82,17.709159380834848,223.032,in_progress,0.0,0
133,9.0,0.9517825530784281,4.284662577290704,-157.9237725052761,-14.0,2.6666666666666665,4,0.39405493522362334,False,True,5.336657475455042,83,17.709159380834848,223.098,in_progress,0.0,0
133,10.0,0.8149684173710029,4.188485382722807,-150.9010222714007,14.0,4.0,17,0.24118538399951253,False,True,6.182856350201371,84,17.709159380834848,223.169,in_progress,0.0,0
133,11.0,0.677171456354629,4.084305485342399,-144.9624894006187,21.0,4.0,20,0.2365736315215971,False,True,7.064549650000796,85,17.709159380834848,223.232,in_progress,0.0,0
133,12.0,0.5350444657566653,3.9376724749973424,-136.8743238631313,6.999999999999999,2.6666666666666665,13,0.42020047631460694,False,True,7.9108419101280525,86,17.709159380834848,223.299,in_progress,0.0,0
133,13.0,0.42031991250294787,3.775038951992279,-127.40678428957456,21.0,2.6666666666666665,19,0.4368917764132344,False,True,8.750280088722295,87,17.709159380834848,223.362,in_progress,0.0,0
133,14.0,0.33243582090236445,3.5978287156141873,-119.5731286567662,21.0,2.6666666666666665,19,0.39139768816059417,False,False,9.558759489171742,88,17.709159380834848,223.431,in_progress,0.0,0
133,15.0,0.2712942528618192,3.4205076684064886,-112.93330460613561,-7.000000000000002,1.3333333333333333,6,0.08638677573692818,False,False,10.33534424035949,89,17.709159380834848,223.499,in_progress,0.0,0
133,16.0,0.2507669055001194,3.2650515260431305,-105.0754886306002,-14.0,2.6666666666666665,4,0.06499753346617906,False,False,10.953525956020737,90,17.709159380834848,223.561,in_progress,0.0,0
133,17.0,0.2533509837553964,3.110391160385906,-96.16098527204444,-7.000000000000002,1.3333333333333333,6,0.17088983934321775,False,False,11.553278161162538,90,17.709159380834848,223.628,in_progress,0.0,0
133,18.0,0.24893391236778653,2.9597356731727102,-93.33963501707642,0.0,4.0,11,-1.0,True,False,12.264041126824077,91,17.709159380834848,223.693,off_track,0.0,0
134,1.0,0.8570686493370643,4.138229803362883,-141.04277791483784,-7.000000000000002,2.6666666666666665,7,0.0,False,True,1.2836209432278034,84,17.709159380834848,223.855,prepare,0.0,0
134,2.0,0.7658945150074851,4.06388802785086,-140.737294733083,-7.000000000000002,4.0,8,0.31705416561891897,False,True,1.9190647092022672,85,17.709159380834848,223.893,in_progress,0.0,0
134,3.0,0.7872856326387695,4.086605079486639,-141.48582381448355,6.999999999999999,1.3333333333333333,12,0.616600191078116,False,True,1.745242009651704,85,17.709159380834848,223.962,in_progress,0.0,0
134,4.0,0.6545614334462297,3.9863644146602177,-142.24463736114194,6.999999999999999,2.6666666666666665,13,0.352322490465167,False,True,2.5062825509959863,86,17.709159380834848,224.024,in_progress,0.0,0
134,5.0,0.5216584074262288,3.8786959462377615,-141.24246220822326,0.0,4.0,11,0.2170902181128659,False,True,3.1254659303993515,86,17.709159380834848,224.094,in_progress,0.0,0
134,6.0,0.3955602021483869,3.7560064719901014,-137.1478454080388,21.0,4.0,20,0.21739174477638232,False,True,3.750280088722291,87,17.709159380834848,224.156,in_progress,0.0,0
134,7.0,0.2590226018418379,3.586125652622371,-130.91780353347585,21.0,4.0,20,0.001,False,False,4.602514065975805,88,17.709159380834848,224.224,in_progress,0.0,0
134,8.0,0.1507466555581559,3.393896889678994,-122.76098941693057,21.0,4.0,20,0.001,False,False,5.44780057538905,89,17.709159380834848,224.288,in_progress,0.0,0
134,9.0,0.0744520527240737,3.1649255760712593,-111.27863427534484,0.0,2.6666666666666665,10,-1.0,True,False,6.290979045568923,90,17.709159380834848,224.357,off_track,0.0,0
135,1.0,0.7368003395178189,3.2843603591532595,-81.74420732102757,21.0,4.0,20,0.0,False,True,1.2427543197025104,90,17.709159380834848,224.517,prepare,0.0,0
135,2.0,0.7602939515228674,3.1950924581911226,-75.89421501069435,0.0,2.6666666666666665,10,0.667038668372077,False,True,1.7648985148255414,91,17.709159380834848,224.552,in_progress,0.0,0
135,3.0,0.742996717040214,3.2554325365685255,-79.15245429818906,0.0,2.6666666666666665,10,0.6301772220628709,False,True,1.4107397859202897,90,17.709159380834848,224.601,in_progress,0.0,0
135,4.0,0.799286587825548,3.0485565632898397,-74.81652245522714,6.999999999999999,1.3333333333333333,12,0.5022947048502804,False,True,2.622107286830644,92,17.709159380834848,224.687,in_progress,0.0,0
135,5.0,0.8427033460472133,2.89761716537774,-74.46805712103688,-21.0,1.3333333333333333,0,0.05318397515474094,False,True,3.507917142513761,93,17.709159380834848,224.752,in_progress,0.0,0
135,6.0,0.8658041970496577,2.8044850057362036,-75.14642436125598,-14.0,4.0,5,0.6337195755843076,False,True,4.048416460264759,93,17.709159380834848,224.795,in_progress,0.0,0
135,7.0,0.894260515148256,2.6458157325694174,-79.12812983618905,0.0,4.0,11,0.8880082151742705,False,True,4.9578081313933815,94,17.709159380834848,224.885,in_progress,0.0,0
135,8.0,0.9012941407352965,2.4778897353143456,-84.12983980158963,21.0,1.3333333333333333,18,0.01541606405793744,False,True,5.894387458211792,95,17.709159380834848,224.95,in_progress,0.0,0
135,9.0,0.9008427461261456,2.335833588157855,-87.50542358393317,21.0,2.6666666666666665,19,0.09035140445442624,False,True,6.6793600545484,96,17.709159380834848,225.001,in_progress,0.0,0
135,10.0,0.9243321627781919,2.1172529489955054,-85.20709813661807,0.0,4.0,11,0.8264521758223144,False,True,7.914871086433328,98,17.709159380834848,225.083,in_progress,0.0,0
135,11.0,0.9724904334091843,1.941803554950492,-78.72311909932728,21.0,1.3333333333333333,18,0.11820402115562136,False,True,8.940261830340235,99,17.709159380834848,225.147,in_progress,0.0,0
135,12.0,1.0354070559172788,1.7976571452225947,-69.22149138876127,14.0,4.0,17,0.6235672409232617,False,True,9.809239928042023,100,17.709159380834848,225.201,in_progress,0.0,0
135,13.0,1.133796658632139,1.6117418202082918,-59.81590417890304,14.0,4.0,17,0.44855719894012547,False,True,10.950425048978317,101,17.709159380834848,225.278,in_progress,0.0,0
135,14.0,1.26961653031687,1.4537618474221456,-49.88798884636409,-7.000000000000002,2.6666666666666665,7,0.4468596520820185,False,True,11.985779622449744,103,17.709159380834848,225.347,in_progress,0.0,0
135,15.0,1.398692612563335,1.3618292721536793,-39.783681637978155,14.0,1.3333333333333333,15,0.572218262963144,False,True,12.737947810987581,104,17.709159380834848,225.392,in_progress,0.0,0
135,16.0,1.587924529327282,1.2617602488778643,-24.352008268740924,21.0,2.6666666666666665,19,0.33776307933756705,False,False,14.294716689122023,105,17.709159380834848,225.48,in_progress,0.0,0
135,17.0,1.7483007280322558,1.2223024420626707,-13.664745915864403,-7.000000000000002,4.0,8,0.4014850911828781,False,False,16.254277656688654,108,17.709159380834848,225.549,in_progress,0.0,0
135,18.0,1.8835636966884821,1.211794006040425,-8.271511080490988,0.0,2.6666666666666665,10,0.7928071509381867,False,False,17.75608155610142,109,17.709159380834848,225.601,in_progress,0.0,0
135,19.0,2.087424412535846,1.2299286225855555,0.7880847008614285,6.999999999999999,1.3333333333333333,12,-1.0,True,False,19.25479824508115,111,17.709159380834848,225.673,off_track,0.0,0
136,1.0,0.9259216396165779,2.4863438938951057,-77.66460107526073,6.999999999999999,1.3333333333333333,12,0.0,False,True,0.8758615385861757,95,17.709159380834848,225.81,prepare,0.0,0
136,2.0,0.9564551282125824,2.406672065925339,-71.30202387274561,21.0,4.0,20,0.2654023424202983,False,True,1.3513791790944474,96,17.709159380834848,225.87,in_progress,0.0,0
136,3.0,0.960899072143355,2.412546607548474,-72.17868344294939,0.0,1.3333333333333333,9,0.4660755486272995,False,True,1.3239891591299346,96,17.709159380834848,225.943,in_progress,0.0,0
136,4.0,1.0077674908627519,2.3339081260692236,-67.69072148031121,-14.0,1.3333333333333333,3,0.18362920627013388,False,True,1.8124944806009124,97,17.709159380834848,226.001,in_progress,0.0,0
136,5.0,1.0572563465092328,2.244575634509039,-65.79175868172346,0.0,2.6666666666666665,10,0.49730809273313625,False,True,2.363152653941436,97,17.709159380834848,226.072,in_progress,0.0,0
136,6.0,1.0987135925311728,2.1481261935675553,-68.53169539209689,0.0,1.3333333333333333,9,0.4208071513722645,False,True,2.943952783591508,98,17.709159380834848,226.136,in_progress,0.0,0
136,7.0,1.1350752374381923,2.0333110069555422,-71.84281844009872,21.0,1.3333333333333333,18,0.001,False,True,3.620487084836277,99,17.709159380834848,226.201,in_progress,0.0,0
136,8.0,1.1639399241315362,1.9440886270292213,-72.91294171018698,-7.000000000000002,2.6666666666666665,7,0.5497593209471942,False,True,4.1466891974134,99,17.709159380834848,226.264,in_progress,0.0,0
136,9.0,1.2217365094517778,1.8293085434631962,-69.92467573678525,0.0,1.3333333333333333,9,0.641042700770203,False,True,4.8479898845898095,100,17.709159380834848,226.336,in_progress,0.0,0
136,10.0,1.2683444742998906,1.7164200546592303,-69.88210738854828,-21.0,2.6666666666666665,1,0.7128072090685206,False,True,5.525622313351941,101,17.709159380834848,226.401,in_progress,0.0,0
136,11.0,1.3131216384467703,1.6027516680769467,-70.41895554325224,0.0,4.0,11,0.5085732245828031,False,True,6.208244277875663,102,17.709159380834848,226.467,in_progress,0.0,0
136,12.0,1.355196154710083,1.4424514897280618,-73.49231224117278,-21.0,2.6666666666666665,1,0.6604985244202324,False,True,7.1505922786395,103,17.709159380834848,226.536,in_progress,0.0,0
136,13.0,1.3915586114233542,1.268520802419767,-76.01552394335536,0.0,1.3333333333333333,9,0.7910645224842028,False,True,8.331363126178704,104,17.709159380834848,226.601,in_progress,0.0,0
136,14.0,1.400932173839899,1.1066789215463873,-80.30759541425012,6.999999999999999,1.3333333333333333,12,0.5749703038130661,False,True,9.395114420067197,105,17.709159380834848,226.662,in_progress,0.0,0
136,15.0,1.398938002205765,0.9710268233723978,-84.51538692623727,0.0,2.6666666666666665,10,0.4419459530112532,False,True,10.044278014724961,106,17.709159380834848,226.729,in_progress,0.0,0
136,16.0,1.4055450514634416,0.8471443210632105,-85.61572910364123,0.0,2.6666666666666665,10,0.4485491224050176,False,True,10.588120658749322,107,17.709159380834848,226.797,in_progress,0.0,0
136,17.0,1.413526707288808,0.6814707648369965,-86.5697226063758,14.0,2.6666666666666665,16,0.47331682440352973,False,True,11.00946323597054,107,17.709159380834848,226.867,in_progress,0.0,0
136,18.0,1.4238964167305794,0.5103264134791994,-86.76470453097588,-7.000000000000002,2.6666666666666665,7,0.403821594208431,False,True,11.512693074314772,108,17.709159380834848,226.93,in_progress,0.0,0
136,19.0,1.4420974883074633,0.32100605646489677,-85.93704037893659,0.0,2.6666666666666665,10,0.4008300232853007,False,False,11.665730801810314,108,17.709159380834848,226.999,in_progress,0.0,0
136,20.0,1.4555091418664043,0.14567017136106014,-85.80382375484263,-7.000000000000002,1.3333333333333333,6,-1.0,True,False,12.052917205175307,109,17.709159380834848,227.063,off_track,0.0,0
137,1.0,1.1045549711358074,1.6019890109313029,-79.07862310154222,-7.000000000000002,4.0,8,0.0,False,True,0.9703812099974729,101,17.709159380834848,227.211,prepare,0.0,0
137,2.0,1.1070577283451122,1.5330793584681388,-80.66726399131586,6.999999999999999,2.6666666666666665,13,0.7300490820492289,False,True,1.3540961752154468,102,17.709159380834848,227.26,in_progress,0.0,0
137,3.0,1.1213838859837935,1.547545317118456,-77.38567000834641,-14.0,2.6666666666666665,4,0.7544890120951068,False,True,1.2907820498715084,102,17.709159380834848,227.328,in_progress,0.0,0
137,4.0,1.1566942344352917,1.4317814373501834,-76.45528796484084,6.999999999999999,4.0,14,0.539675633974355,False,True,1.9719692895346808,103,17.709159380834848,227.397,in_progress,0.0,0
137,5.0,1.1891580067458911,1.2786334723320074,-77.87234381520987,6.999999999999999,4.0,14,0.510170989541912,False,True,2.8592191576339188,104,17.709159380834848,227.466,in_progress,0.0,0
137,6.0,1.2193710867701477,1.1294766351417813,-78.14660273889127,0.0,1.3333333333333333,9,0.7540191086231788,False,True,3.7095392588105125,105,17.709159380834848,227.522,in_progress,0.0,0
137,7.0,1.251871898891567,0.9377382318136183,-80.31983740338345,-21.0,2.6666666666666665,1,0.3824822990166618,False,True,4.683549243660201,106,17.709159380834848,227.593,in_progress,0.0,0
137,8.0,1.2616697459372175,0.7860745492341346,-83.82625315424339,21.0,1.3333333333333333,18,0.518921584432017,False,True,5.298913243670222,107,17.709159380834848,227.654,in_progress,0.0,0
137,9.0,1.2586047071738937,0.6229402232454957,-87.87327554846055,-7.000000000000002,2.6666666666666665,7,0.3573632685570525,False,True,5.681487699970722,107,17.709159380834848,227.72,in_progress,0.0,0
137,10.0,1.2705064652120588,0.4650659304430537,-86.66612603442479,0.0,4.0,11,0.1464372864993117,False,False,5.866240340841888,107,17.709159380834848,227.788,in_progress,0.0,0
137,11.0,1.282267931367649,0.28394414789275463,-86.60205236585743,6.999999999999999,1.3333333333333333,12,0.36484671979268124,False,False,6.402738066135183,108,17.709159380834848,227.854,in_progress,0.0,0
137,12.0,1.2886125497691165,0.14600221418935316,-86.8273393062445,0.0,4.0,11,-1.0,True,False,6.524182352757569,108,17.709159380834848,227.901,off_track,0.0,0
138,1.0,1.5214792071487795,0.7688946229572573,-47.627899646815884,0.0,2.6666666666666665,10,0.0,False,True,1.317834918743932,108,17.709159380834848,228.08,prepare,0.0,0
138,2.0,1.5681500310708596,0.7211146277766961,-47.1641511924981,-7.000000000000002,2.6666666666666665,7,0.4466917672150024,False,True,1.6207157624431923,108,17.709159380834848,228.098,in_progress,0.0,0
138,3.0,1.6110170863298126,0.6695430912092681,-47.692985737418155,21.0,1.3333333333333333,18,0.41916782774761996,False,True,1.942935012602387,108,17.709159380834848,228.184,in_progress,0.0,0
138,4.0,1.721976096328693,0.5518893054371639,-47.18749653355062,0.0,2.6666666666666665,10,0.4587328728979001,False,True,2.6312830647888807,109,17.709159380834848,228.247,in_progress,0.0,0
138,5.0,1.8184663608694154,0.46942473889565567,-44.56491099057988,0.0,4.0,11,0.4716738977963255,False,True,3.227168125475155,110,17.709159380834848,228.301,in_progress,0.0,0
138,6.0,1.9966371555790456,0.3307567922814961,-39.77323239030888,0.0,4.0,11,0.4110154242314164,False,False,4.155981333314407,111,17.709159380834848,228.381,in_progress,0.0,0
138,7.0,2.1736953379362682,0.212055381609128,-35.36079662398462,21.0,2.6666666666666665,19,0.001,False,False,5.045739596028698,112,17.709159380834848,228.448,in_progress,0.0,0
138,8.0,2.3205237839979542,0.11958598729044653,-32.93176029789809,21.0,2.6666666666666665,19,0.001,False,False,5.7682715322375895,113,17.709159380834848,228.501,in_progress,0.0,0
138,9.0,2.534020311680662,0.023835546653471554,-26.760289326662843,-14.0,2.6666666666666665,4,-1.0,True,False,6.914572258397045,114,17.709159380834848,228.579,off_track,0.0,0
139,1.0,2.325355589428992,0.6701995500432788,-1.2076960360965545,-7.000000000000002,1.3333333333333333,6,0.0,False,True,0.85187986490598,113,17.709159380834848,228.705,prepare,0.0,0
139,2.0,2.5173020651088596,0.6567912088242698,-3.7357044201658915,-21.0,1.3333333333333333,0,0.001,False,True,1.932866738637684,114,17.709159380834848,228.778,in_progress,0.0,0
139,3.0,2.4482913600583975,0.669169436932965,-1.4027729744599486,21.0,4.0,20,0.31757869365753777,False,True,1.5454403385230187,114,17.709159380834848,228.842,in_progress,0.0,0
139,4.0,2.5538088195429482,0.6554914564983921,-3.1617690796703455,-21.0,1.3333333333333333,0,0.001,False,True,2.1386791659411264,115,17.709159380834848,228.9,in_progress,0.0,0
139,5.0,2.677999885979688,0.6407618560708647,-4.832761569007629,0.0,4.0,11,0.7963843913295998,False,True,2.8407201212660493,115,17.709159380834848,228.968,in_progress,0.0,0
139,6.0,2.82685954496409,0.6039988243004033,-9.28641149902619,21.0,4.0,20,0.25045807206284015,False,True,3.6850857824391015,116,17.709159380834848,229.045,in_progress,0.0,0
139,7.0,2.960607878267899,0.5656989047811954,-12.548824458099993,21.0,4.0,20,0.20733385182476052,False,True,4.442630515868872,117,17.709159380834848,229.094,in_progress,0.0,0
139,8.0,3.1725675749465725,0.5291308918200933,-11.353679948027247,-21.0,2.6666666666666665,1,0.025826805184155692,False,True,5.634374695598993,1,17.709159380834848,229.172,in_progress,0.0,0
139,9.0,3.3732443989957095,0.5183301478468769,-5.667072052688374,0.0,2.6666666666666665,10,0.6154609664306074,False,True,6.770100900873771,2,17.709159380834848,229.239,in_progress,0.0,0
139,10.0,3.5409455173812394,0.5033417871491971,-5.320983367221332,6.999999999999999,1.3333333333333333,12,0.4520509277376364,False,True,7.716908843764685,3,17.709159380834848,229.301,in_progress,0.0,0
139,11.0,3.7216147820983734,0.4903463571323701,-5.224675365562045,6.999999999999999,4.0,14,0.7696631058624248,False,True,8.737105982160315,4,17.709159380834848,229.371,in_progress,0.0,0
139,12.0,3.8977238645766885,0.48209349258100637,-3.640673625250959,0.0,1.3333333333333333,9,0.5428273163796096,False,True,9.731569885156077,6,17.709159380834848,229.441,in_progress,0.0,0
139,13.0,4.053451202985795,0.4854852839489633,-1.356023431870261,21.0,4.0,20,0.3960622640375775,False,True,10.61093736165661,7,17.709159380834848,229.497,in_progress,0.0,0
139,14.0,4.220150072174018,0.49135491415293786,0.3276266142076548,21.0,4.0,20,0.42274384160743855,False,True,11.552256420929126,8,17.709159380834848,229.569,in_progress,0.0,0
139,15.0,4.4056115286183,0.5293762438398537,7.117000387714825,21.0,2.6666666666666665,19,0.15728348554056346,False,True,12.599590086498168,9,17.709159380834848,229.635,in_progress,0.0,0
139,16.0,4.5804487563337,0.6032210229151498,17.561286359788234,-14.0,2.6666666666666665,4,0.31659117458719566,False,True,13.587006402350738,10,17.709159380834848,229.695,in_progress,0.0,0
139,17.0,4.74394998115982,0.6989228463554886,24.701884063376664,21.0,2.6666666666666665,19,0.001,False,True,14.510464393317164,11,17.709159380834848,229.769,in_progress,0.0,0
139,18.0,4.901230303115828,0.7967901628024945,28.83218218190743,21.0,2.6666666666666665,19,0.001,False,True,15.398809375407993,12,17.709159380834848,229.837,in_progress,0.0,0
139,19.0,5.033768580370104,0.903721084047277,34.92874472627834,21.0,1.3333333333333333,18,0.001,False,True,16.147415329994374,13,17.709159380834848,229.901,in_progress,0.0,0
139,20.0,5.1334111750023315,1.0221067714520387,45.031387056790884,6.999999999999999,4.0,14,0.49288507182695657,False,True,16.710312173665386,14,17.709159380834848,229.964,in_progress,0.0,0
139,21.0,5.211356625092281,1.1516972179638154,56.49225169068358,-7.000000000000002,4.0,8,0.4653622346337467,False,False,17.15057901893023,14,17.709159380834848,230.03,in_progress,0.0,0
139,22.0,5.2912250611130975,1.3145376328454859,65.79861089165911,-7.000000000000002,1.3333333333333333,6,-1.0,True,False,17.60185739659933,15,17.709159380834848,230.099,off_track,0.0,0
